{
  "best_model": "GradientBoosting",
  "best_r2": -4.82489335151723,
  "all_models": {
    "LinearRegression": {
      "MAE": 7.5282619296156525,
      "MSE": 71.76617293339612,
      "R2": -30.896076859287163
    },
    "RandomForest": {
      "MAE": 4.280000000000001,
      "MSE": 23.700800000000008,
      "R2": -9.533688888888893
    },
    "GradientBoosting": {
      "MAE": 2.814384583392668,
      "MSE": 13.106010040913768,
      "R2": -4.82489335151723
    }
  }
}